antecedents,consequents,antecedent support,consequent support,support,confidence,lift,representativity,leverage,conviction,zhangs_metric,jaccard,certainty,kulczynski
frozenset({'Poha 500g'}),frozenset({'Ghee 500ml'}),0.1698,0.1706,0.1468,0.8645465253239105,5.067681860046369,1.0,0.11783212000000001,6.123135652173915,0.9668406614866448,0.7582644628099173,0.836684983510864,0.862519452579892
frozenset({'Ghee 500ml'}),frozenset({'Poha 500g'}),0.1706,0.1698,0.1468,0.8604923798358735,5.067681860046369,1.0,0.11783212000000001,5.950929411764709,0.9677732302462172,0.7582644628099173,0.8319590217247331,0.862519452579892
frozenset({'Face Wash 100ml'}),frozenset({'Hand Sanitizer 200ml'}),0.157,0.1662,0.1318,0.8394904458598726,5.051085715161689,1.0,0.1057066,5.19470634920635,0.9513911764652939,0.6886102403343783,0.8074963370830807,0.8162554515701289
frozenset({'Hand Sanitizer 200ml'}),frozenset({'Face Wash 100ml'}),0.1662,0.157,0.1318,0.7930204572803852,5.051085715161689,1.0,0.1057066,4.072866279069769,0.9618886564646711,0.6886102403343783,0.7544726658130311,0.8162554515701289
frozenset({'Instant Coffee 100g'}),frozenset({'Choco Cookies 150g'}),0.177,0.1776,0.152,0.8587570621468926,4.835343818394666,1.0,0.1205648,5.822591999999998,0.963778218328324,0.7502467917077985,0.8282551825716107,0.8573064590013741
frozenset({'Choco Cookies 150g'}),frozenset({'Instant Coffee 100g'}),0.1776,0.177,0.152,0.8558558558558558,4.835343818394666,1.0,0.1205648,5.709562499999996,0.9644813639156257,0.7502467917077985,0.8248552319026194,0.8573064590013741
frozenset({'Cola 750ml'}),frozenset({'Potato Chips 90g'}),0.2164,0.2184,0.1974,0.9121996303142328,4.176738234039528,1.0,0.15013823999999998,8.902012631578936,0.9706211375756193,0.8315080033698398,0.8876658525002978,0.9080228920801933
frozenset({'Potato Chips 90g'}),frozenset({'Cola 750ml'}),0.2184,0.2164,0.1974,0.9038461538461537,4.176738234039528,1.0,0.15013823999999998,8.149439999999991,0.9731048150003266,0.8315080033698398,0.877292182039502,0.9080228920801933
frozenset({'Potato Chips 90g'}),"frozenset({'Cola 750ml', 'Toned Milk 1L'})",0.2184,0.057,0.0518,0.23717948717948717,4.161043634727845,1.0,0.039351199999999996,1.2362016806722689,0.9719494315195442,0.2316636851520572,0.191070506022786,0.5729757085020243
"frozenset({'Cola 750ml', 'Toned Milk 1L'})",frozenset({'Potato Chips 90g'}),0.057,0.2184,0.0518,0.9087719298245613,4.161043634727845,1.0,0.039351199999999996,8.567538461538456,0.8055945659339084,0.2316636851520572,0.8832803605739014,0.5729757085020243
frozenset({'Potato Chips 90g'}),"frozenset({'Cola 750ml', 'White Bread 400g'})",0.2184,0.0568,0.0514,0.23534798534798534,4.143450446267347,1.0,0.038994879999999996,1.2335022754491018,0.9706438752792833,0.22966934763181412,0.1893002389185595,0.5701387814063871
"frozenset({'Cola 750ml', 'White Bread 400g'})",frozenset({'Potato Chips 90g'}),0.0568,0.2184,0.0514,0.9049295774647887,4.143450446267347,1.0,0.038994879999999996,8.221274074074074,0.8043418712025951,0.22966934763181412,0.8783643519252671,0.5701387814063871
"frozenset({'Potato Chips 90g', 'Toned Milk 1L'})",frozenset({'Cola 750ml'}),0.0584,0.2164,0.0518,0.886986301369863,4.098827640341326,1.0,0.03916224,6.933672727272726,0.8029182234789711,0.2322869955156951,0.855776290671086,0.5631789177828982
frozenset({'Cola 750ml'}),"frozenset({'Potato Chips 90g', 'Toned Milk 1L'})",0.2164,0.0584,0.0518,0.23937153419593343,4.098827640341326,1.0,0.03916224,1.2379236938031593,0.9648134242314947,0.2322869955156951,0.19219576698803464,0.5631789177828982
frozenset({'Cola 750ml'}),"frozenset({'Potato Chips 90g', 'White Bread 400g'})",0.2164,0.058,0.0514,0.23752310536044363,4.095225954490407,1.0,0.0388488,1.2354472727272727,0.9645395987391329,0.23049327354260088,0.19057654496862383,0.5618650009560839
"frozenset({'Potato Chips 90g', 'White Bread 400g'})",frozenset({'Cola 750ml'}),0.058,0.2164,0.0514,0.8862068965517241,4.095225954490407,1.0,0.0388488,6.886181818181818,0.8023495006072022,0.23049327354260088,0.8547816443998522,0.5618650009560839
frozenset({'White Bread 400g'}),"frozenset({'Toned Milk 1L', 'Toor Dal 1kg'})",0.2546,0.0534,0.0512,0.20109976433621368,3.7659131898167355,1.0,0.03760436,1.1848788593903639,0.9853235259592165,0.19937694704049846,0.15603186597952004,0.5799506312317773
"frozenset({'Toned Milk 1L', 'Toor Dal 1kg'})",frozenset({'White Bread 400g'}),0.0534,0.2546,0.0512,0.9588014981273408,3.7659131898167355,1.0,0.03760436,18.092890909090915,0.7758928335622227,0.19937694704049846,0.9447296728298105,0.5799506312317773
frozenset({'Basmati Rice 5kg'}),frozenset({'Toor Dal 1kg'}),0.1982,0.2068,0.1534,0.773965691220989,3.7425807119003336,1.0,0.11241224000000001,3.5092017857142874,0.9139494806828052,0.6096979332273449,0.7150349107677623,0.7578725941598174
frozenset({'Toor Dal 1kg'}),frozenset({'Basmati Rice 5kg'}),0.2068,0.1982,0.1534,0.741779497098646,3.742580711900333,1.0,0.11241224000000001,3.1050981273408236,0.9238586656725583,0.6096979332273449,0.67794898615446,0.7578725941598174
frozenset({'Toor Dal 1kg'}),frozenset({'Cooking Oil 1L'}),0.2068,0.1996,0.1544,0.746615087040619,3.7405565482996943,1.0,0.11312272000000001,3.158830534351145,0.92367637875308,0.6126984126984127,0.6834271452281596,0.7600810906144979
frozenset({'Cooking Oil 1L'}),frozenset({'Toor Dal 1kg'}),0.1996,0.2068,0.1544,0.7735470941883767,3.740556548299694,1.0,0.11312272000000001,3.5027150442477875,0.9153674458107733,0.6126984126984127,0.7145071787548875,0.7600810906144979
"frozenset({'Potato Chips 90g', 'White Bread 400g'})",frozenset({'Toned Milk 1L'}),0.058,0.254,0.055,0.9482758620689655,3.733369535704589,1.0,0.040268,14.422666666666668,0.7772244740397607,0.2140077821011673,0.9306646944624203,0.5824056475699159
frozenset({'Toned Milk 1L'}),"frozenset({'Potato Chips 90g', 'White Bread 400g'})",0.254,0.058,0.055,0.21653543307086615,3.7333695357045884,1.0,0.040268,1.2023517587939698,0.9814282232512795,0.2140077821011673,0.16829663807947576,0.5824056475699159
"frozenset({'Toor Dal 1kg', 'White Bread 400g'})",frozenset({'Toned Milk 1L'}),0.054,0.254,0.0512,0.9481481481481482,3.7328667249927094,1.0,0.037484,14.387142857142868,0.7738999735729388,0.19937694704049846,0.9304934961771424,0.5748614756488772
frozenset({'Toned Milk 1L'}),"frozenset({'Toor Dal 1kg', 'White Bread 400g'})",0.254,0.054,0.0512,0.2015748031496063,3.7328667249927094,1.0,0.037484,1.1848323471400395,0.9813798592493299,0.19937694704049846,0.15599873483045065,0.5748614756488772
frozenset({'Toned Milk 1L'}),"frozenset({'Cola 750ml', 'White Bread 400g'})",0.254,0.0568,0.0536,0.2110236220472441,3.7152046135078183,1.0,0.0391728,1.1954730538922156,0.9796726821655796,0.20839813374805596,0.16351104966840976,0.5773427969391149
"frozenset({'Cola 750ml', 'White Bread 400g'})",frozenset({'Toned Milk 1L'}),0.0568,0.254,0.0536,0.9436619718309859,3.7152046135078183,1.0,0.0391728,13.241499999999991,0.7748471383540313,0.20839813374805596,0.9244798550013216,0.5773427969391149
frozenset({'White Bread 400g'}),"frozenset({'Potato Chips 90g', 'Toned Milk 1L'})",0.2546,0.0584,0.055,0.21602513747054203,3.6990605731257196,1.0,0.040131360000000005,1.2010589178356712,0.9788852842890943,0.2131782945736434,0.16740137794237683,0.5789029796941751
"frozenset({'Potato Chips 90g', 'Toned Milk 1L'})",frozenset({'White Bread 400g'}),0.0584,0.2546,0.055,0.9417808219178082,3.6990605731257196,1.0,0.040131360000000005,12.803341176470587,0.7749161968023481,0.2131782945736434,0.9218953876010304,0.5789029796941751
frozenset({'Basmati Rice 5kg'}),frozenset({'Cooking Oil 1L'}),0.1982,0.1996,0.1462,0.7376387487386479,3.69558491352028,1.0,0.10663928,3.050755384615385,0.9097116986097287,0.5810810810810811,0.6722123297584306,0.7350518392991836
frozenset({'Cooking Oil 1L'}),frozenset({'Basmati Rice 5kg'}),0.1996,0.1982,0.1462,0.7324649298597194,3.69558491352028,1.0,0.10663928,2.996990262172285,0.9113028984823595,0.5810810810810811,0.6663319155147411,0.7350518392991836
frozenset({'White Bread 400g'}),"frozenset({'Cola 750ml', 'Toned Milk 1L'})",0.2546,0.057,0.0536,0.2105263157894737,3.6934441366574333,1.0,0.039087800000000006,1.1944666666666666,0.9783337805205259,0.20775193798449612,0.16280627337165823,0.5754385964912281
"frozenset({'Cola 750ml', 'Toned Milk 1L'})",frozenset({'White Bread 400g'}),0.057,0.2546,0.0536,0.9403508771929825,3.6934441366574333,1.0,0.039087800000000006,12.496411764705892,0.7733297985153765,0.20775193798449612,0.9199770287000033,0.5754385964912281
frozenset({'Toned Milk 1L'}),frozenset({'White Bread 400g'}),0.254,0.2546,0.2384,0.9385826771653544,3.6864991247657284,1.0,0.17373159999999999,12.136641025641035,0.9768631808122065,0.8823094004441157,0.917604879481291,0.9374767274279246
frozenset({'White Bread 400g'}),frozenset({'Toned Milk 1L'}),0.2546,0.254,0.2384,0.9363707776904949,3.686499124765728,1.0,0.17373159999999999,11.72417283950618,0.977649494078221,0.8823094004441157,0.9147061363143364,0.9374767274279246
"frozenset({'Basmati Rice 5kg', 'Cooking Oil 1L'})",frozenset({'Toor Dal 1kg'}),0.1462,0.2068,0.1098,0.7510259917920656,3.6316537320699496,1.0,0.07956584,3.185874725274725,0.8487272798644526,0.45148026315789475,0.6861144626728009,0.6409868837103461
frozenset({'Toor Dal 1kg'}),"frozenset({'Basmati Rice 5kg', 'Cooking Oil 1L'})",0.2068,0.1462,0.1098,0.5309477756286266,3.6316537320699496,1.0,0.07956584,1.820266391752577,0.9135695304441119,0.45148026315789475,0.4506298613593659,0.6409868837103461
"frozenset({'Cooking Oil 1L', 'Toor Dal 1kg'})",frozenset({'Basmati Rice 5kg'}),0.1544,0.1982,0.1098,0.711139896373057,3.5879914045058374,1.0,0.07919791999999999,2.775738116591928,0.8529949525498326,0.4522240527182866,0.6397354656685669,0.6325628846143792
frozenset({'Basmati Rice 5kg'}),"frozenset({'Cooking Oil 1L', 'Toor Dal 1kg'})",0.1982,0.1544,0.1098,0.5539858728557013,3.5879914045058374,1.0,0.07919791999999999,1.8959040723981901,0.8995915837816642,0.4522240527182866,0.47254715332982655,0.6325628846143792
frozenset({'Cooking Oil 1L'}),"frozenset({'Basmati Rice 5kg', 'Toor Dal 1kg'})",0.1996,0.1534,0.1098,0.5501002004008015,3.5860508500704142,1.0,0.07918135999999999,1.8817523385300665,0.9009766519290446,0.45148026315789475,0.4685804398781025,0.6329379750374281
"frozenset({'Basmati Rice 5kg', 'Toor Dal 1kg'})",frozenset({'Cooking Oil 1L'}),0.1534,0.1996,0.1098,0.7157757496740547,3.5860508500704142,1.0,0.07918135999999999,2.816086238532109,0.851809251363108,0.45148026315789475,0.6448972384733317,0.6329379750374281
